{"cameraMode":{"drawMode":0,"name":"Shaded","section":"Shading Mode"},"sceneLighting":true,"audioPlay":false,"sceneViewState":{"m_AlwaysRefresh":false,"showFog":true,"showSkybox":true,"showFlares":true,"showImageEffects":true,"showParticleSystems":true,"showVisualEffectGraphs":true,"m_FxEnabled":true},"in2DMode":false,"pivot":{"x":523.8661499023438,"y":3.436246395111084,"z":375.5672912597656},"rotation":{"x":0.026986785233020784,"y":0.9673481583595276,"z":-0.2232452929019928,"w":0.11693795770406723},"size":12.496012687683106,"orthographic":false}